HOG	OG	Gene Tree Parent Clade	Mycoplasmoides_fastidiosum	Mycoplasmoides_gallisepticum	Mycoplasmoides_genitalium	Mycoplasmoides_pneumoniae
N0.HOG0000000	OG0000000	n0		gene-JVT77_RS02290, gene-JVT77_RS02225, gene-JVT77_RS02230, gene-JVT77_RS01685, gene-JVT77_RS01680, gene-JVT77_RS02255, gene-JVT77_RS01695, gene-JVT77_RS02275, gene-JVT77_RS02140, gene-JVT77_RS00980, gene-JVT77_RS00960, gene-JVT77_RS01710, gene-JVT77_RS01740, gene-JVT77_RS01730, gene-JVT77_RS03140, gene-JVT77_RS02220, gene-JVT77_RS02190, gene-JVT77_RS02445, gene-JVT77_RS02440, gene-JVT77_RS01755, gene-JVT77_RS03135, gene-JVT77_RS00970, gene-JVT77_RS02195, gene-JVT77_RS02285, gene-JVT77_RS02265, gene-JVT77_RS02165, gene-JVT77_RS02170, gene-JVT77_RS02270, gene-JVT77_RS02200, gene-JVT77_RS03150, gene-JVT77_RS01760, gene-JVT77_RS03155, gene-JVT77_RS00990, gene-JVT77_RS01705, gene-JVT77_RS03160, gene-JVT77_RS01700, gene-JVT77_RS02250, gene-JVT77_RS03145, gene-JVT77_RS02160, gene-JVT77_RS01720, gene-JVT77_RS02240, gene-JVT77_RS01750, gene-JVT77_RS02150, gene-JVT77_RS03165, gene-JVT77_RS02155, gene-JVT77_RS00975, gene-JVT77_RS02175, gene-JVT77_RS00985, gene-JVT77_RS02205, gene-JVT77_RS02295, gene-JVT77_RS02245, gene-JVT77_RS02180, gene-JVT77_RS02210		
N0.HOG0000001	OG0000001	n0	gene-NPA10_RS03540, gene-NPA10_RS03555, gene-NPA10_RS03550, gene-NPA10_RS03510, gene-NPA10_RS03525, gene-NPA10_RS03535, gene-NPA10_RS03545, gene-NPA10_RS03530, gene-NPA10_RS03515, gene-NPA10_RS03570, gene-NPA10_RS03575, gene-NPA10_RS03350, gene-NPA10_RS03420, gene-NPA10_RS03425, gene-NPA10_RS03415, gene-NPA10_RS03410, gene-NPA10_RS03405, gene-NPA10_RS03430, gene-NPA10_RS03385, gene-NPA10_RS03395, gene-NPA10_RS03355, gene-NPA10_RS03370, gene-NPA10_RS03520, gene-NPA10_RS03375, gene-NPA10_RS03390, gene-NPA10_RS03450, gene-NPA10_RS03455, gene-NPA10_RS03485, gene-NPA10_RS04150, gene-NPA10_RS03360, gene-NPA10_RS03365, gene-NPA10_RS03335, gene-NPA10_RS03565, gene-NPA10_RS00615, gene-NPA10_RS03340, gene-NPA10_RS00620, gene-NPA10_RS03380, gene-NPA10_RS03490, gene-NPA10_RS03505, gene-NPA10_RS03500, gene-NPA10_RS03495			
N0.HOG0000002	OG0000002	n0				gene-Y923_RS01215, gene-Y923_RS01255, gene-Y923_RS00440, gene-Y923_RS04750, gene-Y923_RS00460, gene-Y923_RS01005, gene-Y923_RS01175, gene-Y923_RS02750, gene-Y923_RS01565, gene-Y923_RS01220, gene-Y923_RS02490, gene-Y923_RS01225, gene-Y923_RS00975, gene-Y923_RS03060, gene-Y923_RS03250, gene-Y923_RS00915, gene-Y923_RS03265, gene-Y923_RS01985, gene-Y923_RS03405, gene-Y923_RS04695, gene-Y923_RS00220, gene-Y923_RS04165, gene-Y923_RS04095, gene-Y923_RS00595, gene-Y923_RS00330, gene-Y923_RS03165, gene-Y923_RS01290, gene-Y923_RS01145, gene-Y923_RS02015
N0.HOG0000003	OG0000003	n0		gene-JVT77_RS01455, gene-JVT77_RS04345, gene-JVT77_RS02875, gene-JVT77_RS04340	gene-MG_RS00355, gene-MG_RS00360, gene-MG_RS02400	gene-Y923_RS00855, gene-Y923_RS03690, gene-Y923_RS03710, gene-Y923_RS04555, gene-Y923_RS03725, gene-Y923_RS03730, gene-Y923_RS04560, gene-Y923_RS03720, gene-Y923_RS03715, gene-Y923_RS00860, gene-Y923_RS03755, gene-Y923_RS04115, gene-Y923_RS03765, gene-Y923_RS03745, gene-Y923_RS04120, gene-Y923_RS03705
N0.HOG0000004	OG0000004	n0	gene-NPA10_RS01385, gene-NPA10_RS01430, gene-NPA10_RS01320, gene-NPA10_RS01410, gene-NPA10_RS01345, gene-NPA10_RS01380, gene-NPA10_RS01425, gene-NPA10_RS01310, gene-NPA10_RS01405, gene-NPA10_RS01440, gene-NPA10_RS01455, gene-NPA10_RS01295, gene-NPA10_RS01450, gene-NPA10_RS01315, gene-NPA10_RS01330, gene-NPA10_RS01335, gene-NPA10_RS01305, gene-NPA10_RS02670, gene-NPA10_RS01365, gene-NPA10_RS01355			
N0.HOG0000005	OG0000005	n0	gene-NPA10_RS04340, gene-NPA10_RS04335	gene-JVT77_RS00005	gene-MG_RS01520, gene-MG_RS01030	gene-Y923_RS02465, gene-Y923_RS00955, gene-Y923_RS00950, gene-Y923_RS04610, gene-Y923_RS02020, gene-Y923_RS03280, gene-Y923_RS01295, gene-Y923_RS01995, gene-Y923_RS01540, gene-Y923_RS02735, gene-Y923_RS01535
N0.HOG0000006	OG0000006	n0				gene-Y923_RS04060, gene-Y923_RS00185, gene-Y923_RS00695, gene-Y923_RS00450, gene-Y923_RS04055, gene-Y923_RS00180, gene-Y923_RS00445, gene-Y923_RS02755, gene-Y923_RS00700, gene-Y923_RS01270, gene-Y923_RS03270, gene-Y923_RS02495, gene-Y923_RS01905, gene-Y923_RS04770, gene-Y923_RS04690, gene-Y923_RS04570
N0.HOG0000007	OG0000007	n0		gene-JVT77_RS00875, gene-JVT77_RS00865	gene-MG_RS02820, gene-MG_RS00385, gene-MG_RS02855, gene-MG_RS01095, gene-MG_RS01535, gene-MG_RS00770, gene-MG_RS02070, gene-MG_RS01730, gene-MG_RS01080, gene-MG_RS02960, gene-MG_RS02965, gene-MG_RS02970, gene-MG_RS02925	
N0.HOG0000008	OG0000008	n0			gene-MG_RS02980, gene-MG_RS01530, gene-MG_RS02955, gene-MG_RS02080, gene-MG_RS00765, gene-MG_RS02990, gene-MG_RS02915, gene-MG_RS01075, gene-MG_RS01335, gene-MG_RS00760, gene-MG_RS01525, gene-MG_RS02985, gene-MG_RS02975, gene-MG_RS02950, gene-MG_RS02905	
N0.HOG0000009	OG0000009	n0	gene-NPA10_RS02530, gene-NPA10_RS02490, gene-NPA10_RS02475, gene-NPA10_RS02480, gene-NPA10_RS02525, gene-NPA10_RS02455, gene-NPA10_RS02470, gene-NPA10_RS02520, gene-NPA10_RS02460, gene-NPA10_RS02485, gene-NPA10_RS02465, gene-NPA10_RS02535	gene-JVT77_RS04330		
N0.HOG0000010	OG0000010	n0		gene-JVT77_RS04370, gene-JVT77_RS01280, gene-JVT77_RS04350, gene-JVT77_RS04365, gene-JVT77_RS03440, gene-JVT77_RS01255, gene-JVT77_RS02340, gene-JVT77_RS04360, gene-JVT77_RS04355, gene-JVT77_RS00355, gene-JVT77_RS03600, gene-JVT77_RS02390, gene-JVT77_RS03555		
N0.HOG0000011	OG0000011	n0				gene-Y923_RS01165, gene-Y923_RS01250, gene-Y923_RS00965, gene-Y923_RS01185, gene-Y923_RS03080, gene-Y923_RS04525, gene-Y923_RS02740, gene-Y923_RS02005, gene-Y923_RS00925, gene-Y923_RS02505, gene-Y923_RS03240, gene-Y923_RS01190, gene-Y923_RS04760
N0.HOG0000012	OG0000012	n0	gene-NPA10_RS01260	gene-JVT77_RS04070, gene-JVT77_RS04055, gene-JVT77_RS01380, gene-JVT77_RS00240, gene-JVT77_RS00645, gene-JVT77_RS04065, gene-JVT77_RS04050	gene-MG_RS02930, gene-MG_RS00095	gene-Y923_RS01100, gene-Y923_RS00510
N0.HOG0000013	OG0000013	n0	gene-NPA10_RS01190, gene-NPA10_RS01195, gene-NPA10_RS01185, gene-NPA10_RS01180, gene-NPA10_RS01175, gene-NPA10_RS01220, gene-NPA10_RS01215, gene-NPA10_RS01225, gene-NPA10_RS01200, gene-NPA10_RS01205, gene-NPA10_RS01210			
N0.HOG0000014	OG0000014	n0			gene-MG_RS02600	gene-Y923_RS04045, gene-Y923_RS00170, gene-Y923_RS00155, gene-Y923_RS04030, gene-Y923_RS04035, gene-Y923_RS00160, gene-Y923_RS00135, gene-Y923_RS04010, gene-Y923_RS04020, gene-Y923_RS00145
N0.HOG0000015	OG0000015	n0	gene-NPA10_RS00175, gene-NPA10_RS03230, gene-NPA10_RS02275, gene-NPA10_RS04265	gene-JVT77_RS01665, gene-JVT77_RS01030	gene-MG_RS01995, gene-MG_RS01855	gene-Y923_RS03105, gene-Y923_RS02920
N0.HOG0000016	OG0000016	n0	gene-NPA10_RS01390, gene-NPA10_RS01350, gene-NPA10_RS01460, gene-NPA10_RS02665, gene-NPA10_RS01300, gene-NPA10_RS01445, gene-NPA10_RS01370, gene-NPA10_RS01360, gene-NPA10_RS01400, gene-NPA10_RS01415			
N0.HOG0000017	OG0000017	n0	gene-NPA10_RS03885, gene-NPA10_RS03890, gene-NPA10_RS03880, gene-NPA10_RS03845, gene-NPA10_RS03895, gene-NPA10_RS03850, gene-NPA10_RS03870, gene-NPA10_RS03875, gene-NPA10_RS03865, gene-NPA10_RS03855			
N0.HOG0000018	OG0000018	n0		gene-JVT77_RS01150, gene-JVT77_RS00340, gene-JVT77_RS00780, gene-JVT77_RS00345, gene-JVT77_RS00410, gene-JVT77_RS00420, gene-JVT77_RS00415, gene-JVT77_RS04105, gene-JVT77_RS04100, gene-JVT77_RS00790		
N0.HOG0000019	OG0000019	n0				gene-Y923_RS02000, gene-Y923_RS01545, gene-Y923_RS03885, gene-Y923_RS02340, gene-Y923_RS02470, gene-Y923_RS04170, gene-Y923_RS00895, gene-Y923_RS02030, gene-Y923_RS03285, gene-Y923_RS02025
N0.HOG0000020	OG0000020	n0	gene-NPA10_RS03195, gene-NPA10_RS03205, gene-NPA10_RS03210, gene-NPA10_RS03220, gene-NPA10_RS03185, gene-NPA10_RS03200, gene-NPA10_RS03190, gene-NPA10_RS00570, gene-NPA10_RS03215			
N0.HOG0000021	OG0000021	n0	gene-NPA10_RS02355, gene-NPA10_RS00445	gene-JVT77_RS03300	gene-MG_RS02570, gene-MG_RS02620	gene-Y923_RS03960, gene-Y923_RS00085, gene-Y923_RS00235
N0.HOG0000022	OG0000022	n0	gene-NPA10_RS01530, gene-NPA10_RS01525, gene-NPA10_RS01520	gene-JVT77_RS03000, gene-JVT77_RS02975, gene-JVT77_RS02970	gene-MG_RS01850	gene-Y923_RS02915
N0.HOG0000023	OG0000023	n0	gene-NPA10_RS01850, gene-NPA10_RS01845, gene-NPA10_RS01855, gene-NPA10_RS01795, gene-NPA10_RS01800, gene-NPA10_RS01805, gene-NPA10_RS01830, gene-NPA10_RS01840			
N0.HOG0000024	OG0000024	n0		gene-JVT77_RS03715, gene-JVT77_RS03730, gene-JVT77_RS03750, gene-JVT77_RS03655, gene-JVT77_RS03725, gene-JVT77_RS04240, gene-JVT77_RS03760, gene-JVT77_RS03755		
N0.HOG0000025	OG0000025	n0				gene-Y923_RS00980, gene-Y923_RS01570, gene-Y923_RS04155, gene-Y923_RS04195, gene-Y923_RS01235, gene-Y923_RS03045, gene-Y923_RS02760, gene-Y923_RS03255
N0.HOG0000026	OG0000026	n0	gene-NPA10_RS00215	gene-JVT77_RS02675	gene-MG_RS01845, gene-MG_RS02540	gene-Y923_RS02910, gene-Y923_RS00050, gene-Y923_RS03925
N0.HOG0000027	OG0000027	n0	gene-NPA10_RS00905, gene-NPA10_RS00895, gene-NPA10_RS00880, gene-NPA10_RS00885, gene-NPA10_RS01120, gene-NPA10_RS01165, gene-NPA10_RS01155			
N0.HOG0000028	OG0000028	n0	gene-NPA10_RS02230, gene-NPA10_RS04035	gene-JVT77_RS03485, gene-JVT77_RS03480, gene-JVT77_RS04190, gene-JVT77_RS03740, gene-JVT77_RS03665		
N0.HOG0000029	OG0000029	n0	gene-NPA10_RS02620	gene-JVT77_RS04250, gene-JVT77_RS01855	gene-MG_RS01345, gene-MG_RS01215	gene-Y923_RS02230, gene-Y923_RS02080
N0.HOG0000030	OG0000030	n0	gene-NPA10_RS02910, gene-NPA10_RS02920, gene-NPA10_RS02915, gene-NPA10_RS02930, gene-NPA10_RS02935, gene-NPA10_RS02925, gene-NPA10_RS02905			
N0.HOG0000031	OG0000031	n0	gene-NPA10_RS03655, gene-NPA10_RS03660	gene-JVT77_RS03955	gene-MG_RS02755, gene-MG_RS00345	gene-Y923_RS00375, gene-Y923_RS00845
N0.HOG0000032	OG0000032	n0		gene-JVT77_RS01725, gene-JVT77_RS01735, gene-JVT77_RS01745, gene-JVT77_RS03170, gene-JVT77_RS02300, gene-JVT77_RS04280, gene-JVT77_RS04290		
N0.HOG0000033	OG0000033	n0			gene-MG_RS02605	gene-Y923_RS04015, gene-Y923_RS00140, gene-Y923_RS00165, gene-Y923_RS04040, gene-Y923_RS00150, gene-Y923_RS04025
N0.HOG0000034	OG0000034	n0				gene-Y923_RS03290, gene-Y923_RS00650, gene-Y923_RS00655, gene-Y923_RS03295, gene-Y923_RS03300, gene-Y923_RS04485, gene-Y923_RS01720
N0.HOG0000035	OG0000035	n0				gene-Y923_RS01240, gene-Y923_RS04595, gene-Y923_RS04655, gene-Y923_RS04645, gene-Y923_RS04735, gene-Y923_RS04675, gene-Y923_RS04745
N0.HOG0000036	OG0000036	n0	gene-NPA10_RS00200	gene-JVT77_RS04175, gene-JVT77_RS02980, gene-JVT77_RS03005	gene-MG_RS01870	gene-Y923_RS02935
N0.HOG0000037	OG0000037	n0	gene-NPA10_RS00550	gene-JVT77_RS03580, gene-JVT77_RS04210, gene-JVT77_RS04205	gene-MG_RS01465	gene-Y923_RS02405
N0.HOG0000038	OG0000038	n0	gene-NPA10_RS01115, gene-NPA10_RS01170, gene-NPA10_RS01160, gene-NPA10_RS00900, gene-NPA10_RS00890, gene-NPA10_RS00875			
N0.HOG0000039	OG0000039	n0	gene-NPA10_RS01340, gene-NPA10_RS01325, gene-NPA10_RS01375, gene-NPA10_RS01435, gene-NPA10_RS01395, gene-NPA10_RS01420			
N0.HOG0000040	OG0000040	n0	gene-NPA10_RS03835, gene-NPA10_RS02125, gene-NPA10_RS01905, gene-NPA10_RS01560, gene-NPA10_RS01555	gene-JVT77_RS02335		
N0.HOG0000041	OG0000041	n0	gene-NPA10_RS01600	gene-JVT77_RS00705, gene-JVT77_RS00660, gene-JVT77_RS00680	gene-MG_RS00105	gene-Y923_RS00520
N0.HOG0000042	OG0000042	n1	gene-NPA10_RS01755	gene-JVT77_RS00585	gene-MG_RS01515	gene-Y923_RS02455
N0.HOG0000043	OG0000042	n4	gene-NPA10_RS03640	gene-JVT77_RS00590		
N0.HOG0000044	OG0000043	n0	gene-NPA10_RS02675	gene-JVT77_RS02965, gene-JVT77_RS02955, gene-JVT77_RS02960	gene-MG_RS02665	gene-Y923_RS00280
N0.HOG0000045	OG0000044	n0	gene-NPA10_RS03330	gene-JVT77_RS00725, gene-JVT77_RS01025	gene-MG_RS00145	gene-Y923_RS00565, gene-Y923_RS02050
N0.HOG0000046	OG0000045	n0		gene-JVT77_RS00670, gene-JVT77_RS00650, gene-JVT77_RS00690, gene-JVT77_RS04060, gene-JVT77_RS04265, gene-JVT77_RS04260		
N0.HOG0000047	OG0000046	n0		gene-JVT77_RS04075, gene-JVT77_RS04045, gene-JVT77_RS04080, gene-JVT77_RS00695, gene-JVT77_RS04040, gene-JVT77_RS00675		
N0.HOG0000048	OG0000047	n0			gene-MG_RS01840	gene-Y923_RS04455, gene-Y923_RS02905, gene-Y923_RS04765, gene-Y923_RS02895, gene-Y923_RS02875
N0.HOG0000049	OG0000048	n0				gene-Y923_RS04590, gene-Y923_RS04730, gene-Y923_RS04605, gene-Y923_RS04650, gene-Y923_RS04640, gene-Y923_RS04670
N0.HOG0000050	OG0000049	n0	gene-NPA10_RS00050, gene-NPA10_RS00045	gene-JVT77_RS00035	gene-MG_RS01070	gene-Y923_RS01230
N0.HOG0000051	OG0000050	n0	gene-NPA10_RS04130, gene-NPA10_RS00385	gene-JVT77_RS00595	gene-MG_RS02410	gene-Y923_RS03780
N0.HOG0000052	OG0000051	n0	gene-NPA10_RS00405	gene-JVT77_RS00270	gene-MG_RS02535	gene-Y923_RS03920, gene-Y923_RS00045
N0.HOG0000053	OG0000052	n0	gene-NPA10_RS00685, gene-NPA10_RS03770, gene-NPA10_RS04040, gene-NPA10_RS03775, gene-NPA10_RS00430			
N0.HOG0000054	OG0000053	n0	gene-NPA10_RS00555	gene-JVT77_RS00260	gene-MG_RS02555	gene-Y923_RS00070, gene-Y923_RS03945
N0.HOG0000055	OG0000054	n0	gene-NPA10_RS02605, gene-NPA10_RS00560	gene-JVT77_RS01525	gene-MG_RS01990	gene-Y923_RS03100
N0.HOG0000056	OG0000055	n0	gene-NPA10_RS00625, gene-NPA10_RS00635, gene-NPA10_RS00645, gene-NPA10_RS00650, gene-NPA10_RS00660			
N0.HOG0000057	OG0000056	n0	gene-NPA10_RS01280	gene-JVT77_RS01645, gene-JVT77_RS02470	gene-MG_RS00560	gene-Y923_RS01750
N0.HOG0000058	OG0000057	n0	gene-NPA10_RS04140, gene-NPA10_RS01290	gene-JVT77_RS00565	gene-MG_RS00395	gene-Y923_RS01580
N0.HOG0000059	OG0000058	n0	gene-NPA10_RS01650	gene-JVT77_RS03190	gene-MG_RS02515	gene-Y923_RS03900, gene-Y923_RS00025
N0.HOG0000060	OG0000059	n0	gene-NPA10_RS01655	gene-JVT77_RS00295	gene-MG_RS02520	gene-Y923_RS00030, gene-Y923_RS03905
N0.HOG0000061	OG0000060	n0	gene-NPA10_RS03630, gene-NPA10_RS01775	gene-JVT77_RS04000	gene-MG_RS00350	gene-Y923_RS00850
N0.HOG0000062	OG0000061	n0	gene-NPA10_RS03820, gene-NPA10_RS02050	gene-JVT77_RS01225, gene-JVT77_RS01000, gene-JVT77_RS00450		
N0.HOG0000063	OG0000062	n0	gene-NPA10_RS02055	gene-JVT77_RS02820	gene-MG_RS02850	gene-Y923_RS00055, gene-Y923_RS03930
N0.HOG0000064	OG0000063	n0	gene-NPA10_RS02190, gene-NPA10_RS02185	gene-JVT77_RS01950	gene-MG_RS01415	gene-Y923_RS02315
N0.HOG0000065	OG0000064	n0	gene-NPA10_RS02255, gene-NPA10_RS02840	gene-JVT77_RS02475	gene-MG_RS00555	gene-Y923_RS01745
N0.HOG0000066	OG0000065	n0	gene-NPA10_RS02325	gene-JVT77_RS00315	gene-MG_RS02590	gene-Y923_RS03995, gene-Y923_RS00120
N0.HOG0000067	OG0000066	n0	gene-NPA10_RS02330	gene-JVT77_RS00310	gene-MG_RS02585	gene-Y923_RS00115, gene-Y923_RS03990
N0.HOG0000068	OG0000067	n0	gene-NPA10_RS02335	gene-JVT77_RS00305	gene-MG_RS02580	gene-Y923_RS00095, gene-Y923_RS03970
N0.HOG0000069	OG0000068	n0	gene-NPA10_RS02340	gene-JVT77_RS00300	gene-MG_RS02575	gene-Y923_RS03965, gene-Y923_RS00090
N0.HOG0000070	OG0000069	n0	gene-NPA10_RS02385	gene-JVT77_RS03400	gene-MG_RS00315	gene-Y923_RS00820, gene-Y923_RS00815
N0.HOG0000071	OG0000070	n0	gene-NPA10_RS02410, gene-NPA10_RS02405	gene-JVT77_RS01890	gene-MG_RS02375	gene-Y923_RS03660
N0.HOG0000072	OG0000071	n0	gene-NPA10_RS02730	gene-JVT77_RS01970	gene-MG_RS01425	gene-Y923_RS02325, gene-Y923_RS02330
N0.HOG0000073	OG0000072	n0	gene-NPA10_RS03305	gene-JVT77_RS03085	gene-MG_RS02560	gene-Y923_RS03950, gene-Y923_RS00075
N0.HOG0000074	OG0000073	n0	gene-NPA10_RS03310	gene-JVT77_RS03090	gene-MG_RS02565	gene-Y923_RS03955, gene-Y923_RS00080
N0.HOG0000075	OG0000074	n0	gene-NPA10_RS03680	gene-JVT77_RS00275	gene-MG_RS02530	gene-Y923_RS00040, gene-Y923_RS03915
N0.HOG0000076	OG0000075	n0	gene-NPA10_RS03700	gene-JVT77_RS02045, gene-JVT77_RS03875	gene-MG_RS00085	gene-Y923_RS00500
N0.HOG0000077	OG0000076	n0	gene-NPA10_RS03730	gene-JVT77_RS01435	gene-MG_RS02510	gene-Y923_RS00020, gene-Y923_RS03895
N0.HOG0000078	OG0000077	n0	gene-NPA10_RS03735	gene-JVT77_RS01440	gene-MG_RS02505	gene-Y923_RS03890, gene-Y923_RS00015
N0.HOG0000079	OG0000078	n0	gene-NPA10_RS03815, gene-NPA10_RS03940	gene-JVT77_RS02565	gene-MG_RS01615	gene-Y923_RS02625
N0.HOG0000080	OG0000079	n0	gene-NPA10_RS04230, gene-NPA10_RS04350	gene-JVT77_RS00020	gene-MG_RS01060	gene-Y923_RS01205
N0.HOG0000081	OG0000080	n0		gene-JVT77_RS00230	gene-MG_RS02500, gene-MG_RS02495	gene-Y923_RS03875, gene-Y923_RS03880
N0.HOG0000082	OG0000081	n0		gene-JVT77_RS00950	gene-MG_RS01330, gene-MG_RS01325	gene-Y923_RS02220, gene-Y923_RS02215
N0.HOG0000083	OG0000082	n0		gene-JVT77_RS04090, gene-JVT77_RS04270, gene-JVT77_RS01420, gene-JVT77_RS01275, gene-JVT77_RS01290		
N0.HOG0000084	OG0000083	n0			gene-MG_RS00160	gene-Y923_RS00585, gene-Y923_RS00600, gene-Y923_RS00615, gene-Y923_RS00580
N0.HOG0000085	OG0000084	n0				gene-Y923_RS01010, gene-Y923_RS00225, gene-Y923_RS01990, gene-Y923_RS03275, gene-Y923_RS01275
N0.HOG0000086	OG0000085	n0				gene-Y923_RS02535, gene-Y923_RS02530, gene-Y923_RS02540, gene-Y923_RS04445, gene-Y923_RS02545
N0.HOG0000087	OG0000086	n0	gene-NPA10_RS00005	gene-JVT77_RS03855	gene-MG_RS02760	gene-Y923_RS00380
N0.HOG0000088	OG0000087	n0	gene-NPA10_RS00010	gene-JVT77_RS03840	gene-MG_RS00005	gene-Y923_RS00395
N0.HOG0000089	OG0000088	n0	gene-NPA10_RS00025	gene-JVT77_RS03830	gene-MG_RS00015	gene-Y923_RS00405
N0.HOG0000090	OG0000089	n0	gene-NPA10_RS00030	gene-JVT77_RS03825	gene-MG_RS00020	gene-Y923_RS00410
N0.HOG0000091	OG0000090	n0	gene-NPA10_RS00070	gene-JVT77_RS03980	gene-MG_RS02695	gene-Y923_RS00310
N0.HOG0000092	OG0000091	n0	gene-NPA10_RS00075	gene-JVT77_RS03820	gene-MG_RS00025	gene-Y923_RS00415
N0.HOG0000093	OG0000092	n0	gene-NPA10_RS00090	gene-JVT77_RS02315	gene-MG_RS01970	gene-Y923_RS03040
N0.HOG0000094	OG0000093	n0	gene-NPA10_RS00095	gene-JVT77_RS02590	gene-MG_RS01965	gene-Y923_RS03035
N0.HOG0000095	OG0000094	n0	gene-NPA10_RS00125	gene-JVT77_RS01295	gene-MG_RS02095	gene-Y923_RS03355
N0.HOG0000096	OG0000095	n0	gene-NPA10_RS00135	gene-JVT77_RS02930	gene-MG_RS00680	gene-Y923_RS01870
N0.HOG0000097	OG0000096	n0	gene-NPA10_RS00150	gene-JVT77_RS03100	gene-MG_RS00265	gene-Y923_RS00760
N0.HOG0000098	OG0000097	n0	gene-NPA10_RS00155	gene-JVT77_RS03105	gene-MG_RS00260	gene-Y923_RS00755
N0.HOG0000099	OG0000098	n0	gene-NPA10_RS00160	gene-JVT77_RS03110	gene-MG_RS00255	gene-Y923_RS00750
N0.HOG0000100	OG0000099	n0	gene-NPA10_RS00180	gene-JVT77_RS03020	gene-MG_RS01885	gene-Y923_RS02950
N0.HOG0000101	OG0000100	n0	gene-NPA10_RS00220	gene-JVT77_RS01465	gene-MG_RS02455	gene-Y923_RS03825
N0.HOG0000102	OG0000101	n0	gene-NPA10_RS00225	gene-JVT77_RS01470	gene-MG_RS02450	gene-Y923_RS03820
N0.HOG0000103	OG0000102	n0	gene-NPA10_RS00230	gene-JVT77_RS01475	gene-MG_RS02445	gene-Y923_RS03815
N0.HOG0000104	OG0000103	n0	gene-NPA10_RS00235	gene-JVT77_RS01480	gene-MG_RS02440	gene-Y923_RS03810
N0.HOG0000105	OG0000104	n0	gene-NPA10_RS00240	gene-JVT77_RS01485	gene-MG_RS02435	gene-Y923_RS03805
N0.HOG0000106	OG0000105	n0	gene-NPA10_RS00245	gene-JVT77_RS01490	gene-MG_RS02430	gene-Y923_RS03800
N0.HOG0000107	OG0000106	n0	gene-NPA10_RS00250	gene-JVT77_RS01495	gene-MG_RS02425	gene-Y923_RS03795
N0.HOG0000108	OG0000107	n0	gene-NPA10_RS00255	gene-JVT77_RS01500	gene-MG_RS02420	gene-Y923_RS03790
N0.HOG0000109	OG0000108	n0	gene-NPA10_RS00260	gene-JVT77_RS00095	gene-MG_RS00735	gene-Y923_RS01940
N0.HOG0000110	OG0000109	n0	gene-NPA10_RS00270	gene-JVT77_RS02450	gene-MG_RS00580	gene-Y923_RS01770
N0.HOG0000111	OG0000110	n0	gene-NPA10_RS00280	gene-JVT77_RS01200	gene-MG_RS00625	gene-Y923_RS01815
N0.HOG0000112	OG0000111	n0	gene-NPA10_RS00290	gene-JVT77_RS00065	gene-MG_RS01360	gene-Y923_RS02245
N0.HOG0000113	OG0000112	n0	gene-NPA10_RS00295	gene-JVT77_RS00070	gene-MG_RS01355	gene-Y923_RS02240
N0.HOG0000114	OG0000113	n0	gene-NPA10_RS00300	gene-JVT77_RS00075	gene-MG_RS01350	gene-Y923_RS02235
N0.HOG0000115	OG0000114	n0	gene-NPA10_RS00320	gene-JVT77_RS00635	gene-MG_RS02845	gene-Y923_RS03500
N0.HOG0000116	OG0000115	n0	gene-NPA10_RS00340	gene-JVT77_RS03520	gene-MG_RS00465	gene-Y923_RS01655
N0.HOG0000117	OG0000116	n0	gene-NPA10_RS00350	gene-JVT77_RS02785	gene-MG_RS00400	gene-Y923_RS01590
N0.HOG0000118	OG0000117	n0	gene-NPA10_RS00390	gene-JVT77_RS01195	gene-MG_RS00620	gene-Y923_RS01810
N0.HOG0000119	OG0000118	n0	gene-NPA10_RS00395	gene-JVT77_RS00835	gene-MG_RS02290	gene-Y923_RS03565
N0.HOG0000120	OG0000119	n0	gene-NPA10_RS00410	gene-JVT77_RS03975	gene-MG_RS02700	gene-Y923_RS00315
N0.HOG0000121	OG0000120	n0	gene-NPA10_RS00415	gene-JVT77_RS03995	gene-MG_RS00205	gene-Y923_RS00680
N0.HOG0000122	OG0000121	n0	gene-NPA10_RS00435	gene-JVT77_RS01450	gene-MG_RS00150	gene-Y923_RS00570
N0.HOG0000123	OG0000122	n0	gene-NPA10_RS00465	gene-JVT77_RS03295	gene-MG_RS02615	gene-Y923_RS00230
N0.HOG0000124	OG0000123	n0	gene-NPA10_RS00480	gene-JVT77_RS01410	gene-MG_RS02395	gene-Y923_RS03685
N0.HOG0000125	OG0000124	n0	gene-NPA10_RS00500	gene-JVT77_RS02585	gene-MG_RS02190	gene-Y923_RS03460
N0.HOG0000126	OG0000125	n0	gene-NPA10_RS00510	gene-JVT77_RS01940	gene-MG_RS01440	gene-Y923_RS02380
N0.HOG0000127	OG0000126	n0	gene-NPA10_RS00520	gene-JVT77_RS00795	gene-MG_RS02130	gene-Y923_RS03395
N0.HOG0000128	OG0000127	n0	gene-NPA10_RS00540	gene-JVT77_RS03690	gene-MG_RS01475	gene-Y923_RS02415
N0.HOG0000129	OG0000128	n0	gene-NPA10_RS00545	gene-JVT77_RS03585	gene-MG_RS01470	gene-Y923_RS02410
N0.HOG0000130	OG0000129	n0	gene-NPA10_RS00565	gene-JVT77_RS00905	gene-MG_RS01635	gene-Y923_RS02645
N0.HOG0000131	OG0000130	n0	gene-NPA10_RS00575	gene-JVT77_RS02610	gene-MG_RS02180	gene-Y923_RS03450
N0.HOG0000132	OG0000131	n0	gene-NPA10_RS00585	gene-JVT77_RS03500	gene-MG_RS00120	gene-Y923_RS00535
N0.HOG0000133	OG0000132	n0	gene-NPA10_RS00590	gene-JVT77_RS03505	gene-MG_RS00170	gene-Y923_RS00630
N0.HOG0000134	OG0000133	n0	gene-NPA10_RS00595	gene-JVT77_RS02910	gene-MG_RS00695	gene-Y923_RS01885
N0.HOG0000135	OG0000134	n0	gene-NPA10_RS00600	gene-JVT77_RS02905	gene-MG_RS00700	gene-Y923_RS01890
N0.HOG0000136	OG0000135	n0	gene-NPA10_RS00605	gene-JVT77_RS02950	gene-MG_RS00750	gene-Y923_RS01955
N0.HOG0000137	OG0000136	n0	gene-NPA10_RS00665, gene-NPA10_RS00670, gene-NPA10_RS00675, gene-NPA10_RS00680			
N0.HOG0000138	OG0000137	n0	gene-NPA10_RS00700	gene-JVT77_RS00920	gene-MG_RS01690	gene-Y923_RS02700
N0.HOG0000139	OG0000138	n0	gene-NPA10_RS00725	gene-JVT77_RS01335	gene-MG_RS02160	gene-Y923_RS03430
N0.HOG0000140	OG0000139	n0	gene-NPA10_RS00730	gene-JVT77_RS01020	gene-MG_RS01185	gene-Y923_RS02045
N0.HOG0000141	OG0000140	n0	gene-NPA10_RS00735	gene-JVT77_RS03225	gene-MG_RS00540	gene-Y923_RS01730
N0.HOG0000142	OG0000141	n0	gene-NPA10_RS00740	gene-JVT77_RS03355	gene-MG_RS00675	gene-Y923_RS01865
N0.HOG0000143	OG0000142	n0	gene-NPA10_RS00750	gene-JVT77_RS02010	gene-MG_RS01395	gene-Y923_RS02280
N0.HOG0000144	OG0000143	n0	gene-NPA10_RS00755	gene-JVT77_RS01550	gene-MG_RS01195	gene-Y923_RS02060
N0.HOG0000145	OG0000144	n0	gene-NPA10_RS00760	gene-JVT77_RS00500	gene-MG_RS02230	gene-Y923_RS03505
N0.HOG0000146	OG0000145	n0	gene-NPA10_RS00765	gene-JVT77_RS00505	gene-MG_RS02235	gene-Y923_RS03510
N0.HOG0000147	OG0000146	n0	gene-NPA10_RS00770	gene-JVT77_RS00605	gene-MG_RS02165	gene-Y923_RS03435
N0.HOG0000148	OG0000147	n0	gene-NPA10_RS00780	gene-JVT77_RS00435	gene-MG_RS00815	gene-Y923_RS01315
N0.HOG0000149	OG0000148	n0	gene-NPA10_RS00785	gene-JVT77_RS00440	gene-MG_RS00820	gene-Y923_RS01320
N0.HOG0000150	OG0000149	n0	gene-NPA10_RS00800	gene-JVT77_RS00475	gene-MG_RS01765	gene-Y923_RS02790
N0.HOG0000151	OG0000150	n0	gene-NPA10_RS00805	gene-JVT77_RS00465	gene-MG_RS01780	gene-Y923_RS02805
N0.HOG0000152	OG0000151	n0	gene-NPA10_RS00830	gene-JVT77_RS03370	gene-MG_RS00610	gene-Y923_RS01800
N0.HOG0000153	OG0000152	n0	gene-NPA10_RS00835	gene-JVT77_RS02535	gene-MG_RS02385	gene-Y923_RS03670
N0.HOG0000154	OG0000153	n0	gene-NPA10_RS00840	gene-JVT77_RS03780	gene-MG_RS00065	gene-Y923_RS00480
N0.HOG0000155	OG0000154	n0	gene-NPA10_RS00920	gene-JVT77_RS00100	gene-MG_RS00860	gene-Y923_RS01360
N0.HOG0000156	OG0000155	n0	gene-NPA10_RS00925	gene-JVT77_RS00105	gene-MG_RS00865	gene-Y923_RS01365
N0.HOG0000157	OG0000156	n0	gene-NPA10_RS00930	gene-JVT77_RS00110	gene-MG_RS00870	gene-Y923_RS01370
N0.HOG0000158	OG0000157	n0	gene-NPA10_RS00935	gene-JVT77_RS00115	gene-MG_RS00875	gene-Y923_RS01375
N0.HOG0000159	OG0000158	n0	gene-NPA10_RS00940	gene-JVT77_RS00120	gene-MG_RS00880	gene-Y923_RS01380
N0.HOG0000160	OG0000159	n0	gene-NPA10_RS00945	gene-JVT77_RS00125	gene-MG_RS00885	gene-Y923_RS01385
N0.HOG0000161	OG0000160	n0	gene-NPA10_RS00950	gene-JVT77_RS00130	gene-MG_RS00890	gene-Y923_RS01390
N0.HOG0000162	OG0000161	n0	gene-NPA10_RS00955	gene-JVT77_RS00135	gene-MG_RS00895	gene-Y923_RS01395
N0.HOG0000163	OG0000162	n0	gene-NPA10_RS00960	gene-JVT77_RS00140	gene-MG_RS00900	gene-Y923_RS01400
N0.HOG0000164	OG0000163	n0	gene-NPA10_RS00965	gene-JVT77_RS00145	gene-MG_RS00905	gene-Y923_RS01405
N0.HOG0000165	OG0000164	n0	gene-NPA10_RS00970	gene-JVT77_RS00150	gene-MG_RS00910	gene-Y923_RS01410
N0.HOG0000166	OG0000165	n0	gene-NPA10_RS00975	gene-JVT77_RS00155	gene-MG_RS00915	gene-Y923_RS01415
N0.HOG0000167	OG0000166	n0	gene-NPA10_RS00980	gene-JVT77_RS00160	gene-MG_RS00920	gene-Y923_RS01420
N0.HOG0000168	OG0000167	n0	gene-NPA10_RS00985	gene-JVT77_RS00165	gene-MG_RS00925	gene-Y923_RS01425
N0.HOG0000169	OG0000168	n0	gene-NPA10_RS00990	gene-JVT77_RS00170	gene-MG_RS00930	gene-Y923_RS01430
N0.HOG0000170	OG0000169	n0	gene-NPA10_RS00995	gene-JVT77_RS00175	gene-MG_RS00935	gene-Y923_RS01435
N0.HOG0000171	OG0000170	n0	gene-NPA10_RS01000	gene-JVT77_RS00180	gene-MG_RS00940	gene-Y923_RS01440
N0.HOG0000172	OG0000171	n0	gene-NPA10_RS01005	gene-JVT77_RS00185	gene-MG_RS00945	gene-Y923_RS01445
N0.HOG0000173	OG0000172	n0	gene-NPA10_RS04400	gene-JVT77_RS00190	gene-MG_RS00950	gene-Y923_RS01450
N0.HOG0000174	OG0000173	n0	gene-NPA10_RS01015	gene-JVT77_RS00195	gene-MG_RS00955	gene-Y923_RS01455
N0.HOG0000175	OG0000174	n0	gene-NPA10_RS01020	gene-JVT77_RS00200	gene-MG_RS00960	gene-Y923_RS01460
N0.HOG0000176	OG0000175	n0	gene-NPA10_RS01025	gene-JVT77_RS00205	gene-MG_RS00965	gene-Y923_RS01465
N0.HOG0000177	OG0000176	n0	gene-NPA10_RS01030	gene-JVT77_RS00210	gene-MG_RS00970	gene-Y923_RS01470
N0.HOG0000178	OG0000177	n0	gene-NPA10_RS01035	gene-JVT77_RS03345	gene-MG_RS00975	gene-Y923_RS01475
N0.HOG0000179	OG0000178	n0	gene-NPA10_RS01040	gene-JVT77_RS03340	gene-MG_RS02805	gene-Y923_RS01480
N0.HOG0000180	OG0000179	n0	gene-NPA10_RS01045	gene-JVT77_RS03335	gene-MG_RS00980	gene-Y923_RS01485
N0.HOG0000181	OG0000180	n0	gene-NPA10_RS01050	gene-JVT77_RS03330	gene-MG_RS00985	gene-Y923_RS01490
N0.HOG0000182	OG0000181	n0	gene-NPA10_RS01055	gene-JVT77_RS03325	gene-MG_RS00990	gene-Y923_RS01495
N0.HOG0000183	OG0000182	n0	gene-NPA10_RS01060	gene-JVT77_RS03320	gene-MG_RS00995	gene-Y923_RS01500
N0.HOG0000184	OG0000183	n0	gene-NPA10_RS01070	gene-JVT77_RS02005	gene-MG_RS01400	gene-Y923_RS02285
N0.HOG0000185	OG0000184	n0	gene-NPA10_RS01085	gene-JVT77_RS02880	gene-MG_RS01830	gene-Y923_RS02865
N0.HOG0000186	OG0000185	n0	gene-NPA10_RS01090	gene-JVT77_RS02540	gene-MG_RS02390	gene-Y923_RS03675
N0.HOG0000187	OG0000186	n0	gene-NPA10_RS01140	gene-JVT77_RS00515	gene-MG_RS02245	gene-Y923_RS03520
N0.HOG0000188	OG0000187	n0	gene-NPA10_RS01145	gene-JVT77_RS00510	gene-MG_RS02240	gene-Y923_RS03515
N0.HOG0000189	OG0000188	n0	gene-NPA10_RS01235	gene-JVT77_RS03490	gene-MG_RS00110	gene-Y923_RS00525
N0.HOG0000190	OG0000189	n0	gene-NPA10_RS01240	gene-JVT77_RS03770	gene-MG_RS02715	gene-Y923_RS00335
N0.HOG0000191	OG0000190	n0	gene-NPA10_RS01245	gene-JVT77_RS03775	gene-MG_RS02720	gene-Y923_RS00340
N0.HOG0000192	OG0000191	n0	gene-NPA10_RS01265	gene-JVT77_RS01675	gene-MG_RS01135	gene-Y923_RS01105
N0.HOG0000193	OG0000192	n0	gene-NPA10_RS01270	gene-JVT77_RS03790	gene-MG_RS00475	gene-Y923_RS01665
N0.HOG0000194	OG0000193	n0	gene-NPA10_RS01275	gene-JVT77_RS03785	gene-MG_RS00480	gene-Y923_RS01670
N0.HOG0000195	OG0000194	n0	gene-NPA10_RS01285	gene-JVT77_RS02465	gene-MG_RS00565	gene-Y923_RS01755
N0.HOG0000196	OG0000195	n0	gene-NPA10_RS01465	gene-JVT77_RS03920	gene-MG_RS00190	gene-Y923_RS00665
N0.HOG0000197	OG0000196	n0	gene-NPA10_RS01470	gene-JVT77_RS03915	gene-MG_RS00165	gene-Y923_RS00625
N0.HOG0000198	OG0000197	n0	gene-NPA10_RS01480	gene-JVT77_RS00880	gene-MG_RS00175	gene-Y923_RS00635
N0.HOG0000199	OG0000198	n0	gene-NPA10_RS01485	gene-JVT77_RS00885	gene-MG_RS00180	gene-Y923_RS00640
N0.HOG0000200	OG0000199	n0	gene-NPA10_RS04390	gene-JVT77_RS02320	gene-MG_RS01580	gene-Y923_RS02590
N0.HOG0000201	OG0000200	n0	gene-NPA10_RS01500	gene-JVT77_RS02655	gene-MG_RS02280	gene-Y923_RS03555
N0.HOG0000202	OG0000201	n0	gene-NPA10_RS01505	gene-JVT77_RS02645	gene-MG_RS02270	gene-Y923_RS03545
N0.HOG0000203	OG0000202	n0	gene-NPA10_RS01515	gene-JVT77_RS03050	gene-MG_RS02215	gene-Y923_RS03485
N0.HOG0000204	OG0000203	n0	gene-NPA10_RS01535	gene-JVT77_RS02690	gene-MG_RS00720	gene-Y923_RS01925
N0.HOG0000205	OG0000204	n0	gene-NPA10_RS01540	gene-JVT77_RS02460	gene-MG_RS00570	gene-Y923_RS01760
N0.HOG0000206	OG0000205	n0	gene-NPA10_RS01545	gene-JVT77_RS02455	gene-MG_RS00575	gene-Y923_RS01765
N0.HOG0000207	OG0000206	n0	gene-NPA10_RS01550	gene-JVT77_RS02370	gene-MG_RS00305	gene-Y923_RS04575
N0.HOG0000208	OG0000207	n0	gene-NPA10_RS01565	gene-JVT77_RS02380	gene-MG_RS01980	gene-Y923_RS03090
N0.HOG0000209	OG0000208	n0	gene-NPA10_RS01570	gene-JVT77_RS01355	gene-MG_RS02050	gene-Y923_RS03175
N0.HOG0000210	OG0000209	n0	gene-NPA10_RS01575	gene-JVT77_RS01115	gene-MG_RS02660	gene-Y923_RS00275
N0.HOG0000211	OG0000210	n0	gene-NPA10_RS01580	gene-JVT77_RS02580	gene-MG_RS01630	gene-Y923_RS02640
N0.HOG0000212	OG0000211	n0	gene-NPA10_RS01595	gene-JVT77_RS02635	gene-MG_RS02265	gene-Y923_RS03540
N0.HOG0000213	OG0000212	n0	gene-NPA10_RS01605	gene-JVT77_RS02595	gene-MG_RS00835	gene-Y923_RS01335
N0.HOG0000214	OG0000213	n0	gene-NPA10_RS01610	gene-JVT77_RS03065	gene-MG_RS01015	gene-Y923_RS01520
N0.HOG0000215	OG0000214	n0	gene-NPA10_RS01615	gene-JVT77_RS03070	gene-MG_RS01010	gene-Y923_RS01515
N0.HOG0000216	OG0000215	n0	gene-NPA10_RS01620	gene-JVT77_RS03075	gene-MG_RS01005	gene-Y923_RS01510
N0.HOG0000217	OG0000216	n0	gene-NPA10_RS01625	gene-JVT77_RS03080	gene-MG_RS01000	gene-Y923_RS01505
N0.HOG0000218	OG0000217	n0	gene-NPA10_RS01635	gene-JVT77_RS00235	gene-MG_RS00740	gene-Y923_RS01945
N0.HOG0000219	OG0000218	n0	gene-NPA10_RS01645	gene-JVT77_RS03185	gene-MG_RS00730	gene-Y923_RS01935
N0.HOG0000220	OG0000219	n0	gene-NPA10_RS01680	gene-JVT77_RS03120	gene-MG_RS00660	gene-Y923_RS01850
N0.HOG0000221	OG0000220	n0	gene-NPA10_RS01685	gene-JVT77_RS03125	gene-MG_RS00655	gene-Y923_RS01845
N0.HOG0000222	OG0000221	n0	gene-NPA10_RS01690	gene-JVT77_RS03130	gene-MG_RS00650	gene-Y923_RS01840
N0.HOG0000223	OG0000222	n0	gene-NPA10_RS01760	gene-JVT77_RS00580	gene-MG_RS01510	gene-Y923_RS02450
N0.HOG0000224	OG0000223	n0	gene-NPA10_RS01765	gene-JVT77_RS00575	gene-MG_RS01505	gene-Y923_RS02445
N0.HOG0000225	OG0000224	n0	gene-NPA10_RS01790, gene-NPA10_RS01785		gene-MG_RS01125	gene-Y923_RS01095
N0.HOG0000226	OG0000225	n0	gene-NPA10_RS01810	gene-JVT77_RS02740	gene-MG_RS00435	gene-Y923_RS01625
N0.HOG0000227	OG0000226	n0	gene-NPA10_RS01815	gene-JVT77_RS02735	gene-MG_RS00440	gene-Y923_RS01630
N0.HOG0000228	OG0000227	n0	gene-NPA10_RS01820	gene-JVT77_RS02730	gene-MG_RS00445	gene-Y923_RS01635
N0.HOG0000229	OG0000228	n0	gene-NPA10_RS01825	gene-JVT77_RS02725	gene-MG_RS00450	gene-Y923_RS01640
N0.HOG0000230	OG0000229	n0	gene-NPA10_RS01940	gene-JVT77_RS03390	gene-MG_RS00590	gene-Y923_RS01780
N0.HOG0000231	OG0000230	n0	gene-NPA10_RS01945	gene-JVT77_RS03385	gene-MG_RS00595	gene-Y923_RS01785
N0.HOG0000232	OG0000231	n0	gene-NPA10_RS01950	gene-JVT77_RS03380	gene-MG_RS00600	gene-Y923_RS01790
N0.HOG0000233	OG0000232	n0	gene-NPA10_RS01955	gene-JVT77_RS01865	gene-MG_RS01305	gene-Y923_RS02195
N0.HOG0000234	OG0000233	n0	gene-NPA10_RS01960	gene-JVT77_RS01870	gene-MG_RS01310	gene-Y923_RS02200
N0.HOG0000235	OG0000234	n0	gene-NPA10_RS01970	gene-JVT77_RS01880	gene-MG_RS01320	gene-Y923_RS02210
N0.HOG0000236	OG0000235	n0	gene-NPA10_RS01985	gene-JVT77_RS02025	gene-MG_RS01380	gene-Y923_RS02265
N0.HOG0000237	OG0000236	n0	gene-NPA10_RS01990	gene-JVT77_RS02020	gene-MG_RS01385	gene-Y923_RS02270
N0.HOG0000238	OG0000237	n0	gene-NPA10_RS02060	gene-JVT77_RS03925	gene-MG_RS00195	gene-Y923_RS00670
N0.HOG0000239	OG0000238	n0	gene-NPA10_RS02105, gene-NPA10_RS02090, gene-NPA10_RS02095, gene-NPA10_RS02085			
N0.HOG0000240	OG0000239	n0	gene-NPA10_RS02110	gene-JVT77_RS01570	gene-MG_RS02115	gene-Y923_RS03380
N0.HOG0000241	OG0000240	n0	gene-NPA10_RS02130	gene-JVT77_RS01780	gene-MG_RS01150	gene-Y923_RS01120
N0.HOG0000242	OG0000241	n0	gene-NPA10_RS02135	gene-JVT77_RS01785	gene-MG_RS01155	gene-Y923_RS01125
N0.HOG0000243	OG0000242	n0	gene-NPA10_RS02150	gene-JVT77_RS01795	gene-MG_RS01405	gene-Y923_RS02305
N0.HOG0000244	OG0000243	n0	gene-NPA10_RS02155	gene-JVT77_RS03035	gene-MG_RS02040	gene-Y923_RS03150
N0.HOG0000245	OG0000244	n0	gene-NPA10_RS02160	gene-JVT77_RS03030	gene-MG_RS02035	gene-Y923_RS03145
N0.HOG0000246	OG0000245	n0	gene-NPA10_RS02165	gene-JVT77_RS03025	gene-MG_RS02030	gene-Y923_RS03140
N0.HOG0000247	OG0000246	n0	gene-NPA10_RS02180	gene-JVT77_RS03905	gene-MG_RS02305	gene-Y923_RS03580
N0.HOG0000248	OG0000247	n0	gene-NPA10_RS02195	gene-JVT77_RS03230	gene-MG_RS00535	gene-Y923_RS01725
N0.HOG0000249	OG0000248	n0	gene-NPA10_RS02205	gene-JVT77_RS03240	gene-MG_RS00520	gene-Y923_RS01710
N0.HOG0000250	OG0000249	n0	gene-NPA10_RS02210	gene-JVT77_RS03245	gene-MG_RS00515	gene-Y923_RS01705
N0.HOG0000251	OG0000250	n0	gene-NPA10_RS02215	gene-JVT77_RS03250	gene-MG_RS00510	gene-Y923_RS01700
N0.HOG0000252	OG0000251	n0	gene-NPA10_RS02225	gene-JVT77_RS03260	gene-MG_RS00500	gene-Y923_RS01690
N0.HOG0000253	OG0000252	n0	gene-NPA10_RS02235	gene-JVT77_RS02385	gene-MG_RS01985	gene-Y923_RS03095
N0.HOG0000254	OG0000253	n0	gene-NPA10_RS02240	gene-JVT77_RS03530	gene-MG_RS00325	gene-Y923_RS00830
N0.HOG0000255	OG0000254	n0	gene-NPA10_RS02245	gene-JVT77_RS01575	gene-MG_RS02110	gene-Y923_RS03375
N0.HOG0000256	OG0000255	n0	gene-NPA10_RS02260	gene-JVT77_RS03495	gene-MG_RS00115	gene-Y923_RS00530
N0.HOG0000257	OG0000256	n0	gene-NPA10_RS02270	gene-JVT77_RS02105	gene-MG_RS01165	gene-Y923_RS01135
N0.HOG0000258	OG0000257	n0	gene-NPA10_RS02300	gene-JVT77_RS01170	gene-MG_RS01560	gene-Y923_RS02570
N0.HOG0000259	OG0000258	n0	gene-NPA10_RS02305	gene-JVT77_RS01165	gene-MG_RS01555	gene-Y923_RS02565
N0.HOG0000260	OG0000259	n0	gene-NPA10_RS02310	gene-JVT77_RS01160	gene-MG_RS01550	gene-Y923_RS02560
N0.HOG0000261	OG0000260	n0	gene-NPA10_RS02320	gene-JVT77_RS00330	gene-MG_RS00155	gene-Y923_RS00575
N0.HOG0000262	OG0000261	n0	gene-NPA10_RS02345	gene-JVT77_RS03315	gene-MG_RS02635	gene-Y923_RS00250
N0.HOG0000263	OG0000262	n0	gene-NPA10_RS02350	gene-JVT77_RS03305	gene-MG_RS02625	gene-Y923_RS00240
N0.HOG0000264	OG0000263	n0	gene-NPA10_RS02360	gene-JVT77_RS03310	gene-MG_RS02630	gene-Y923_RS00245
N0.HOG0000265	OG0000264	n0	gene-NPA10_RS02375	gene-JVT77_RS01930	gene-MG_RS01445	gene-Y923_RS02385
N0.HOG0000266	OG0000265	n0	gene-NPA10_RS02380	gene-JVT77_RS02850	gene-MG_RS01860	gene-Y923_RS02925
N0.HOG0000267	OG0000266	n0	gene-NPA10_RS02390	gene-JVT77_RS02520	gene-MG_RS00705	gene-Y923_RS01895
N0.HOG0000268	OG0000267	n0	gene-NPA10_RS02395	gene-JVT77_RS02110	gene-MG_RS01160	gene-Y923_RS01130
N0.HOG0000269	OG0000268	n0	gene-NPA10_RS02420	gene-JVT77_RS01900	gene-MG_RS02365	gene-Y923_RS03650
N0.HOG0000270	OG0000269	n0	gene-NPA10_RS02430	gene-JVT77_RS01905	gene-MG_RS02360	gene-Y923_RS03645
N0.HOG0000271	OG0000270	n0	gene-NPA10_RS02445	gene-JVT77_RS01915	gene-MG_RS01460	gene-Y923_RS02400
N0.HOG0000272	OG0000271	n0	gene-NPA10_RS02450	gene-JVT77_RS01920	gene-MG_RS01455	gene-Y923_RS02395
N0.HOG0000273	OG0000272	n0	gene-NPA10_RS02510	gene-JVT77_RS03205	gene-MG_RS02205	gene-Y923_RS03475
N0.HOG0000274	OG0000273	n0	gene-NPA10_RS02515	gene-JVT77_RS03200	gene-MG_RS02210	gene-Y923_RS03480
N0.HOG0000275	OG0000274	n0	gene-NPA10_RS02555	gene-JVT77_RS00890	gene-MG_RS01645	gene-Y923_RS02655
N0.HOG0000276	OG0000275	n0	gene-NPA10_RS02560	gene-JVT77_RS03060	gene-MG_RS00300	gene-Y923_RS00800
N0.HOG0000277	OG0000276	n0	gene-NPA10_RS02565	gene-JVT77_RS03055	gene-MG_RS00295	gene-Y923_RS00795
N0.HOG0000278	OG0000277	n0	gene-NPA10_RS02570	gene-JVT77_RS02805	gene-MG_RS00290	gene-Y923_RS00790
N0.HOG0000279	OG0000278	n0	gene-NPA10_RS02585	gene-JVT77_RS01405	gene-MG_RS02680	gene-Y923_RS00295
N0.HOG0000280	OG0000279	n0	gene-NPA10_RS02590	gene-JVT77_RS01400	gene-MG_RS00245	gene-Y923_RS00740
N0.HOG0000281	OG0000280	n0	gene-NPA10_RS02615	gene-JVT77_RS01860	gene-MG_RS01220	gene-Y923_RS02085
N0.HOG0000282	OG0000281	n0	gene-NPA10_RS02625	gene-JVT77_RS00080	gene-MG_RS01340	gene-Y923_RS02225
N0.HOG0000283	OG0000282	n0	gene-NPA10_RS02630	gene-JVT77_RS01850	gene-MG_RS01210	gene-Y923_RS02075
N0.HOG0000284	OG0000283	n0	gene-NPA10_RS02635	gene-JVT77_RS02710	gene-MG_RS00130	gene-Y923_RS00550
N0.HOG0000285	OG0000284	n0	gene-NPA10_RS02650	gene-JVT77_RS02085	gene-MG_RS01120	gene-Y923_RS01090
N0.HOG0000286	OG0000285	n0	gene-NPA10_RS02655	gene-JVT77_RS02090	gene-MG_RS01115	gene-Y923_RS01085
N0.HOG0000287	OG0000286	n0	gene-NPA10_RS02660	gene-JVT77_RS02095	gene-MG_RS01110	gene-Y923_RS01080
N0.HOG0000288	OG0000287	n0	gene-NPA10_RS02735	gene-JVT77_RS01980	gene-MG_RS01435	gene-Y923_RS02375
N0.HOG0000289	OG0000288	n0	gene-NPA10_RS02745	gene-JVT77_RS01175	gene-MG_RS01570	gene-Y923_RS02580
N0.HOG0000290	OG0000289	n0	gene-NPA10_RS02765	gene-JVT77_RS03950	gene-MG_RS00340	gene-Y923_RS00840
N0.HOG0000291	OG0000290	n0	gene-NPA10_RS02770	gene-JVT77_RS01530	gene-MG_RS01810	gene-Y923_RS02845
N0.HOG0000292	OG0000291	n0	gene-NPA10_RS02775	gene-JVT77_RS01535	gene-MG_RS01805	gene-Y923_RS02840
N0.HOG0000293	OG0000292	n0	gene-NPA10_RS02855	gene-JVT77_RS01105	gene-MG_RS02830	gene-Y923_RS04215
N0.HOG0000294	OG0000293	n0	gene-NPA10_RS02975	gene-JVT77_RS01070	gene-MG_RS01745	gene-Y923_RS02770
N0.HOG0000295	OG0000294	n0	gene-NPA10_RS02980	gene-JVT77_RS03515	gene-MG_RS00460	gene-Y923_RS01650
N0.HOG0000296	OG0000295	n0	gene-NPA10_RS02985	gene-JVT77_RS03510	gene-MG_RS00455	gene-Y923_RS01645
N0.HOG0000297	OG0000296	n0	gene-NPA10_RS02990	gene-JVT77_RS02030	gene-MG_RS01375	gene-Y923_RS02260
N0.HOG0000298	OG0000297	n0	gene-NPA10_RS02995	gene-JVT77_RS02035	gene-MG_RS01370	gene-Y923_RS02255
N0.HOG0000299	OG0000298	n0	gene-NPA10_RS03000	gene-JVT77_RS02040	gene-MG_RS01365	gene-Y923_RS02250
N0.HOG0000300	OG0000299	n0	gene-NPA10_RS03005	gene-JVT77_RS01075	gene-MG_RS01750	gene-Y923_RS02775
N0.HOG0000301	OG0000300	n0	gene-NPA10_RS03010	gene-JVT77_RS01080	gene-MG_RS01755	gene-Y923_RS02780
N0.HOG0000302	OG0000301	n0	gene-NPA10_RS03020	gene-JVT77_RS03215	gene-MG_RS00550	gene-Y923_RS01740
N0.HOG0000303	OG0000302	n0	gene-NPA10_RS03025	gene-JVT77_RS03220	gene-MG_RS00545	gene-Y923_RS01735
N0.HOG0000304	OG0000303	n0	gene-NPA10_RS03035	gene-JVT77_RS03700	gene-MG_RS02470	gene-Y923_RS03840
N0.HOG0000305	OG0000304	n0	gene-NPA10_RS03040	gene-JVT77_RS02530	gene-MG_RS02645	gene-Y923_RS00260
N0.HOG0000306	OG0000305	n0	gene-NPA10_RS03050	gene-JVT77_RS00710	gene-MG_RS02005	gene-Y923_RS03115
N0.HOG0000307	OG0000306	n0	gene-NPA10_RS03060	gene-JVT77_RS03375	gene-MG_RS00605	gene-Y923_RS01795
N0.HOG0000308	OG0000307	n0	gene-NPA10_RS03070	gene-JVT77_RS00630	gene-MG_RS02225	gene-Y923_RS03495
N0.HOG0000309	OG0000308	n0	gene-NPA10_RS03075	gene-JVT77_RS00625	gene-MG_RS02220	gene-Y923_RS03490
N0.HOG0000310	OG0000309	n0	gene-NPA10_RS03080	gene-JVT77_RS00810	gene-MG_RS01795	gene-Y923_RS02825
N0.HOG0000311	OG0000310	n0	gene-NPA10_RS03085	gene-JVT77_RS00815	gene-MG_RS01790	gene-Y923_RS02820
N0.HOG0000312	OG0000311	n0	gene-NPA10_RS03120	gene-JVT77_RS03290	gene-MG_RS01800	gene-Y923_RS02835
N0.HOG0000313	OG0000312	n0	gene-NPA10_RS03125	gene-JVT77_RS02625	gene-MG_RS02260	gene-Y923_RS03535
N0.HOG0000314	OG0000313	n0	gene-NPA10_RS03130	gene-JVT77_RS02620	gene-MG_RS02255	gene-Y923_RS03530
N0.HOG0000315	OG0000314	n0	gene-NPA10_RS03135	gene-JVT77_RS02615	gene-MG_RS02250	gene-Y923_RS03525
N0.HOG0000316	OG0000315	n0	gene-NPA10_RS03140	gene-JVT77_RS01085	gene-MG_RS01695	gene-Y923_RS02705
N0.HOG0000317	OG0000316	n0	gene-NPA10_RS03160	gene-JVT77_RS03425	gene-MG_RS00275	gene-Y923_RS00770
N0.HOG0000318	OG0000317	n0	gene-NPA10_RS03170	gene-JVT77_RS03435	gene-MG_RS02795	gene-Y923_RS00780
N0.HOG0000319	OG0000318	n0	gene-NPA10_RS03180	gene-JVT77_RS03365	gene-MG_RS00615	gene-Y923_RS01805
N0.HOG0000320	OG0000319	n0	gene-NPA10_RS03235	gene-JVT77_RS01040	gene-MG_RS02085	gene-Y923_RS03345
N0.HOG0000321	OG0000320	n0	gene-NPA10_RS03240	gene-JVT77_RS01035	gene-MG_RS02090	gene-Y923_RS03350
N0.HOG0000322	OG0000321	n0	gene-NPA10_RS03245	gene-JVT77_RS02545	gene-MG_RS01230	gene-Y923_RS02095
N0.HOG0000323	OG0000322	n0	gene-NPA10_RS03250	gene-JVT77_RS02550	gene-MG_RS01225	gene-Y923_RS02090
N0.HOG0000324	OG0000323	n0	gene-NPA10_RS03255	gene-JVT77_RS02680	gene-MG_RS02465	gene-Y923_RS03835
N0.HOG0000325	OG0000324	n0	gene-NPA10_RS03260	gene-JVT77_RS00825	gene-MG_RS02300	gene-Y923_RS03575
N0.HOG0000326	OG0000325	n0	gene-NPA10_RS03290	gene-JVT77_RS03115	gene-MG_RS00250	gene-Y923_RS00745
N0.HOG0000327	OG0000326	n0	gene-NPA10_RS03295	gene-JVT77_RS01845	gene-MG_RS01205	gene-Y923_RS02070
N0.HOG0000328	OG0000327	n0	gene-NPA10_RS03300	gene-JVT77_RS01840	gene-MG_RS01200	gene-Y923_RS02065
N0.HOG0000329	OG0000328	n0	gene-NPA10_RS03670	gene-JVT77_RS02525	gene-MG_RS02065	gene-Y923_RS03190
N0.HOG0000330	OG0000329	n0	gene-NPA10_RS03685	gene-JVT77_RS03360	gene-MG_RS00665	gene-Y923_RS01855
N0.HOG0000331	OG0000330	n0	gene-NPA10_RS03690	gene-JVT77_RS03405	gene-MG_RS02310	gene-Y923_RS03585
N0.HOG0000332	OG0000331	n0	gene-NPA10_RS03695	gene-JVT77_RS02050	gene-MG_RS00080	gene-Y923_RS00495
N0.HOG0000333	OG0000332	n0	gene-NPA10_RS03990, gene-NPA10_RS03720	gene-JVT77_RS00365		gene-Y923_RS02295
N0.HOG0000334	OG0000333	n0	gene-NPA10_RS03780	gene-JVT77_RS02845	gene-MG_RS00485	gene-Y923_RS01675
N0.HOG0000335	OG0000334	n0	gene-NPA10_RS03785	gene-JVT77_RS02840	gene-MG_RS00490	gene-Y923_RS01680
N0.HOG0000336	OG0000335	n0	gene-NPA10_RS03790	gene-JVT77_RS02835	gene-MG_RS00495	gene-Y923_RS01685
N0.HOG0000337	OG0000336	n0	gene-NPA10_RS03800	gene-JVT77_RS00850	gene-MG_RS02185	gene-Y923_RS03455
N0.HOG0000338	OG0000337	n0	gene-NPA10_RS03810	gene-JVT77_RS02415	gene-MG_RS02340	gene-Y923_RS03620
N0.HOG0000339	OG0000338	n0	gene-NPA10_RS03840	gene-JVT77_RS02065		gene-Y923_RS00200, gene-Y923_RS04075
N0.HOG0000340	OG0000339	n0	gene-NPA10_RS03920	gene-JVT77_RS02555	gene-MG_RS01605	gene-Y923_RS02615
N0.HOG0000341	OG0000340	n0	gene-NPA10_RS03935	gene-JVT77_RS02560	gene-MG_RS01610	gene-Y923_RS02620
N0.HOG0000342	OG0000341	n0	gene-NPA10_RS03945	gene-JVT77_RS02570	gene-MG_RS01620	gene-Y923_RS02630
N0.HOG0000343	OG0000342	n0	gene-NPA10_RS03950	gene-JVT77_RS02575	gene-MG_RS01625	gene-Y923_RS02635
N0.HOG0000344	OG0000343	n0	gene-NPA10_RS03965	gene-JVT77_RS02430	gene-MG_RS02380	gene-Y923_RS03665
N0.HOG0000345	OG0000344	n0	gene-NPA10_RS03980	gene-JVT77_RS02920	gene-MG_RS00685	gene-Y923_RS01875
N0.HOG0000346	OG0000345	n0	gene-NPA10_RS04055	gene-JVT77_RS02070	gene-MG_RS01105	gene-Y923_RS01020
N0.HOG0000347	OG0000346	n0	gene-NPA10_RS04060	gene-JVT77_RS02075	gene-MG_RS01100	gene-Y923_RS01015
N0.HOG0000348	OG0000347	n0	gene-NPA10_RS04065	gene-JVT77_RS02485	gene-MG_RS00235	gene-Y923_RS00730
N0.HOG0000349	OG0000348	n0	gene-NPA10_RS04070	gene-JVT77_RS02490	gene-MG_RS00230	gene-Y923_RS00725
N0.HOG0000350	OG0000349	n0	gene-NPA10_RS04075	gene-JVT77_RS02495	gene-MG_RS00225	gene-Y923_RS00720
N0.HOG0000351	OG0000350	n0	gene-NPA10_RS04080	gene-JVT77_RS02500	gene-MG_RS00220	gene-Y923_RS00715
N0.HOG0000352	OG0000351	n0	gene-NPA10_RS04085	gene-JVT77_RS02505	gene-MG_RS00215	gene-Y923_RS00710
N0.HOG0000353	OG0000352	n0	gene-NPA10_RS04090	gene-JVT77_RS02510	gene-MG_RS00210	gene-Y923_RS00705
N0.HOG0000354	OG0000353	n0	gene-NPA10_RS04180	gene-JVT77_RS03095	gene-MG_RS00270	gene-Y923_RS00765
N0.HOG0000355	OG0000354	n0	gene-NPA10_RS04250	gene-JVT77_RS04005	gene-MG_RS00410	gene-Y923_RS01600
N0.HOG0000356	OG0000355	n0	gene-NPA10_RS04255	gene-JVT77_RS00040	gene-MG_RS00415	gene-Y923_RS01605
N0.HOG0000357	OG0000356	n0	gene-NPA10_RS04260	gene-JVT77_RS01925	gene-MG_RS01450	gene-Y923_RS02390
N0.HOG0000358	OG0000357	n0	gene-NPA10_RS04270	gene-JVT77_RS03395	gene-MG_RS00585	gene-Y923_RS01775
N0.HOG0000359	OG0000358	n0	gene-NPA10_RS04275	gene-JVT77_RS03945	gene-MG_RS00755	gene-Y923_RS01960
N0.HOG0000360	OG0000359	n0	gene-NPA10_RS04280	gene-JVT77_RS00715	gene-MG_RS02010	gene-Y923_RS03120
N0.HOG0000361	OG0000360	n0	gene-NPA10_RS04285	gene-JVT77_RS02885	gene-MG_RS01835	gene-Y923_RS02870
N0.HOG0000362	OG0000361	n0	gene-NPA10_RS04300	gene-JVT77_RS01015	gene-MG_RS01180	gene-Y923_RS02040
N0.HOG0000363	OG0000362	n0	gene-NPA10_RS04305	gene-JVT77_RS01010	gene-MG_RS01175	gene-Y923_RS02035
N0.HOG0000364	OG0000363	n0	gene-NPA10_RS04315	gene-JVT77_RS03800	gene-MG_RS00045	gene-Y923_RS00435
N0.HOG0000365	OG0000364	n0	gene-NPA10_RS04320	gene-JVT77_RS03805	gene-MG_RS00040	gene-Y923_RS00430
N0.HOG0000366	OG0000365	n0	gene-NPA10_RS04325	gene-JVT77_RS03810	gene-MG_RS00035	gene-Y923_RS00425
N0.HOG0000367	OG0000366	n0	gene-NPA10_RS04330	gene-JVT77_RS03815	gene-MG_RS00030	gene-Y923_RS00420
N0.HOG0000368	OG0000367	n0	gene-NPA10_RS04345	gene-JVT77_RS00015	gene-MG_RS01055	gene-Y923_RS01200
N0.HOG0000369	OG0000368	n0	gene-NPA10_RS04355	gene-JVT77_RS00025	gene-MG_RS01065	gene-Y923_RS01210
N0.HOG0000370	OG0000369	n0	gene-NPA10_RS04365	gene-JVT77_RS03895	gene-MG_RS02725	gene-Y923_RS00345
N0.HOG0000371	OG0000370	n0	gene-NPA10_RS04370	gene-JVT77_RS03890	gene-MG_RS02730	gene-Y923_RS00350
N0.HOG0000372	OG0000371	n0	gene-NPA10_RS04375	gene-JVT77_RS03880	gene-MG_RS02740	gene-Y923_RS00360
N0.HOG0000373	OG0000372	n0		gene-JVT77_RS00265	gene-MG_RS02550	gene-Y923_RS00065, gene-Y923_RS03940
N0.HOG0000374	OG0000373	n0		gene-JVT77_RS00290	gene-MG_RS02525	gene-Y923_RS03910, gene-Y923_RS00035
N0.HOG0000375	OG0000374	n0		gene-JVT77_RS04200, gene-JVT77_RS00405, gene-JVT77_RS00775, gene-JVT77_RS00350		
N0.HOG0000376	OG0000375	n0		gene-JVT77_RS04115, gene-JVT77_RS00470, gene-JVT77_RS01985, gene-JVT77_RS04375		
N0.HOG0000377	OG0000376	n0		gene-JVT77_RS01715, gene-JVT77_RS02185, gene-JVT77_RS02215, gene-JVT77_RS00965		
N0.HOG0000378	OG0000377	n0		gene-JVT77_RS01045, gene-JVT77_RS01050	gene-MG_RS00425	gene-Y923_RS01615
N0.HOG0000379	OG0000378	n0		gene-JVT77_RS02280, gene-JVT77_RS01835, gene-JVT77_RS04140, gene-JVT77_RS04160		
N0.HOG0000380	OG0000379	n0		gene-JVT77_RS02600, gene-JVT77_RS02605	gene-MG_RS01590	gene-Y923_RS02600
N0.HOG0000381	OG0000380	n0		gene-JVT77_RS02745	gene-MG_RS01920	gene-Y923_RS02995, gene-Y923_RS02985
N0.HOG0000382	OG0000381	n0		gene-JVT77_RS02815	gene-MG_RS02545	gene-Y923_RS00060, gene-Y923_RS03935
N0.HOG0000383	OG0000382	n0			gene-MG_RS00530, gene-MG_RS02940, gene-MG_RS01735	gene-Y923_RS04480
N0.HOG0000384	OG0000383	n0				gene-Y923_RS04130, gene-Y923_RS03975, gene-Y923_RS00100, gene-Y923_RS04295
N0.HOG0000385	OG0000384	n0				gene-Y923_RS00970, gene-Y923_RS03245, gene-Y923_RS02745, gene-Y923_RS04740
N0.HOG0000386	OG0000385	-	gene-NPA10_RS00100	gene-JVT77_RS03910		gene-Y923_RS03195
N0.HOG0000387	OG0000386	-	gene-NPA10_RS00130	gene-JVT77_RS03285		gene-Y923_RS02830
N0.HOG0000388	OG0000387	-	gene-NPA10_RS00370		gene-MG_RS00135	gene-Y923_RS00555
N0.HOG0000389	OG0000388	-	gene-NPA10_RS00455		gene-MG_RS01775	gene-Y923_RS02800
N0.HOG0000390	OG0000389	-	gene-NPA10_RS00460		gene-MG_RS01770	gene-Y923_RS02795
N0.HOG0000391	OG0000390	-	gene-NPA10_RS00630, gene-NPA10_RS00640, gene-NPA10_RS00655			
N0.HOG0000392	OG0000391	-	gene-NPA10_RS00775	gene-JVT77_RS00425	gene-MG_RS00805	
N0.HOG0000393	OG0000392	-	gene-NPA10_RS03280, gene-NPA10_RS03285, gene-NPA10_RS00845			
N0.HOG0000394	OG0000393	-	gene-NPA10_RS01095		gene-MG_RS01020	gene-Y923_RS01525
N0.HOG0000395	OG0000394	-	gene-NPA10_RS01670, gene-NPA10_RS01665, gene-NPA10_RS04295			
N0.HOG0000396	OG0000395	-	gene-NPA10_RS02020			gene-Y923_RS04080, gene-Y923_RS00205
N0.HOG0000397	OG0000396	-	gene-NPA10_RS02025			gene-Y923_RS04085, gene-Y923_RS00210
N0.HOG0000398	OG0000397	-	gene-NPA10_RS02220		gene-MG_RS00505	gene-Y923_RS01695
N0.HOG0000399	OG0000398	-	gene-NPA10_RS02250		gene-MG_RS01575	gene-Y923_RS02585
N0.HOG0000400	OG0000399	-	gene-NPA10_RS03105, gene-NPA10_RS03110, gene-NPA10_RS03115			
N0.HOG0000401	OG0000400	-	gene-NPA10_RS03145		gene-MG_RS00330	gene-Y923_RS00835
N0.HOG0000402	OG0000401	-	gene-NPA10_RS03825	gene-JVT77_RS02325, gene-JVT77_RS02330		
N0.HOG0000403	OG0000402	-	gene-NPA10_RS04310, gene-NPA10_RS03985	gene-JVT77_RS02925		
N0.HOG0000404	OG0000403	-	gene-NPA10_RS04045		gene-MG_RS00845	gene-Y923_RS01345
N0.HOG0000405	OG0000404	-	gene-NPA10_RS04100		gene-MG_RS01170	gene-Y923_RS01140
N0.HOG0000406	OG0000405	-		gene-JVT77_RS00010	gene-MG_RS01050	gene-Y923_RS01195
N0.HOG0000407	OG0000406	-		gene-JVT77_RS00045	gene-MG_RS02490	gene-Y923_RS03860
N0.HOG0000408	OG0000407	-		gene-JVT77_RS04015	gene-MG_RS02485	gene-Y923_RS03855
N0.HOG0000409	OG0000408	-		gene-JVT77_RS00055	gene-MG_RS02480	gene-Y923_RS03850
N0.HOG0000410	OG0000409	-		gene-JVT77_RS00060	gene-MG_RS02475	gene-Y923_RS03845
N0.HOG0000411	OG0000410	-		gene-JVT77_RS00215	gene-MG_RS02710	gene-Y923_RS00325
N0.HOG0000412	OG0000411	-		gene-JVT77_RS00335	gene-MG_RS00800	gene-Y923_RS01300
N0.HOG0000413	OG0000412	-		gene-JVT77_RS00430	gene-MG_RS00810	gene-Y923_RS01310
N0.HOG0000414	OG0000413	-		gene-JVT77_RS00455	gene-MG_RS00825	gene-Y923_RS01325
N0.HOG0000415	OG0000414	-		gene-JVT77_RS00480	gene-MG_RS01760	gene-Y923_RS02785
N0.HOG0000416	OG0000415	-		gene-JVT77_RS00530	gene-MG_RS02020	gene-Y923_RS03130
N0.HOG0000417	OG0000416	-		gene-JVT77_RS00610	gene-MG_RS02170	gene-Y923_RS03440
N0.HOG0000418	OG0000417	-		gene-JVT77_RS00830	gene-MG_RS02295	gene-Y923_RS03570
N0.HOG0000419	OG0000418	-		gene-JVT77_RS00840	gene-MG_RS02285	gene-Y923_RS03560
N0.HOG0000420	OG0000419	-		gene-JVT77_RS01320, gene-JVT77_RS00860, gene-JVT77_RS00870		
N0.HOG0000421	OG0000420	-		gene-JVT77_RS00900	gene-MG_RS01640	gene-Y923_RS02650
N0.HOG0000422	OG0000421	-		gene-JVT77_RS01090	gene-MG_RS01700	gene-Y923_RS02710
N0.HOG0000423	OG0000422	-		gene-JVT77_RS01100	gene-MG_RS01710	gene-Y923_RS02720
N0.HOG0000424	OG0000423	-		gene-JVT77_RS01120	gene-MG_RS02655	gene-Y923_RS00270
N0.HOG0000425	OG0000424	-		gene-JVT77_RS01125	gene-MG_RS02650	gene-Y923_RS00265
N0.HOG0000426	OG0000425	-		gene-JVT77_RS01130	gene-MG_RS02640	gene-Y923_RS00255
N0.HOG0000427	OG0000426	-		gene-JVT77_RS01190	gene-MG_RS00405	gene-Y923_RS01595
N0.HOG0000428	OG0000427	-		gene-JVT77_RS01220	gene-MG_RS01660	gene-Y923_RS02670
N0.HOG0000429	OG0000428	-		gene-JVT77_RS01315	gene-MG_RS01565	gene-Y923_RS02575
N0.HOG0000430	OG0000429	-		gene-JVT77_RS01330	gene-MG_RS02155	gene-Y923_RS03425
N0.HOG0000431	OG0000430	-		gene-JVT77_RS01360	gene-MG_RS02055	gene-Y923_RS03180
N0.HOG0000432	OG0000431	-		gene-JVT77_RS01395	gene-MG_RS02675	gene-Y923_RS00290
N0.HOG0000433	OG0000432	-		gene-JVT77_RS01545	gene-MG_RS01190	gene-Y923_RS02055
N0.HOG0000434	OG0000433	-		gene-JVT77_RS01565	gene-MG_RS02120	gene-Y923_RS03385
N0.HOG0000435	OG0000434	-		gene-JVT77_RS01590	gene-MG_RS01280	gene-Y923_RS02170
N0.HOG0000436	OG0000435	-		gene-JVT77_RS01875	gene-MG_RS01315	gene-Y923_RS02205
N0.HOG0000437	OG0000436	-		gene-JVT77_RS01965	gene-MG_RS01420	gene-Y923_RS02320
N0.HOG0000438	OG0000437	-		gene-JVT77_RS01975	gene-MG_RS01430	gene-Y923_RS02370
N0.HOG0000439	OG0000438	-		gene-JVT77_RS02015	gene-MG_RS01390	gene-Y923_RS02275
N0.HOG0000440	OG0000439	-		gene-JVT77_RS02405	gene-MG_RS02330	gene-Y923_RS03610
N0.HOG0000441	OG0000440	-		gene-JVT77_RS02420	gene-MG_RS02345	gene-Y923_RS03630
N0.HOG0000442	OG0000441	-		gene-JVT77_RS02650	gene-MG_RS02275	gene-Y923_RS03550
N0.HOG0000443	OG0000442	-		gene-JVT77_RS02670	gene-MG_RS02355	gene-Y923_RS03640
N0.HOG0000444	OG0000443	-		gene-JVT77_RS02695	gene-MG_RS00140	gene-Y923_RS00560
N0.HOG0000445	OG0000444	-		gene-JVT77_RS02790	gene-MG_RS02025	gene-Y923_RS03135
N0.HOG0000446	OG0000445	-		gene-JVT77_RS02900		gene-Y923_RS04305, gene-Y923_RS02160
N0.HOG0000447	OG0000446	-		gene-JVT77_RS02915	gene-MG_RS00690	gene-Y923_RS01880
N0.HOG0000448	OG0000447	-		gene-JVT77_RS02940	gene-MG_RS01865	gene-Y923_RS02930
N0.HOG0000449	OG0000448	-		gene-JVT77_RS03015	gene-MG_RS01880	gene-Y923_RS02945
N0.HOG0000450	OG0000449	-		gene-JVT77_RS03045	gene-MG_RS02045	gene-Y923_RS03155
N0.HOG0000451	OG0000450	-		gene-JVT77_RS03175	gene-MG_RS00200	gene-Y923_RS00675
N0.HOG0000452	OG0000451	-		gene-JVT77_RS03210	gene-MG_RS02415	gene-Y923_RS03785
N0.HOG0000453	OG0000452	-		gene-JVT77_RS03270	gene-MG_RS00185	gene-Y923_RS00645
N0.HOG0000454	OG0000453	-		gene-JVT77_RS03280	gene-MG_RS01785	gene-Y923_RS02810
N0.HOG0000455	OG0000454	-		gene-JVT77_RS03410	gene-MG_RS02315	gene-Y923_RS03590
N0.HOG0000456	OG0000455	-		gene-JVT77_RS03430	gene-MG_RS00280	gene-Y923_RS00775
N0.HOG0000457	OG0000456	-		gene-JVT77_RS03525	gene-MG_RS00470	gene-Y923_RS01660
N0.HOG0000458	OG0000457	-		gene-JVT77_RS03765, gene-JVT77_RS04305, gene-JVT77_RS04300		
N0.HOG0000459	OG0000458	-		gene-JVT77_RS03705	gene-MG_RS00090	gene-Y923_RS00505
N0.HOG0000460	OG0000459	-		gene-JVT77_RS03835	gene-MG_RS00010	gene-Y923_RS00400
N0.HOG0000461	OG0000460	-		gene-JVT77_RS03845	gene-MG_RS02770	gene-Y923_RS00390
N0.HOG0000462	OG0000461	-		gene-JVT77_RS03850	gene-MG_RS02765	gene-Y923_RS00385
N0.HOG0000463	OG0000462	-		gene-JVT77_RS03885	gene-MG_RS02735	gene-Y923_RS00355
N0.HOG0000464	OG0000463	-		gene-JVT77_RS03985	gene-MG_RS02690	gene-Y923_RS00305
N0.HOG0000465	OG0000464	-			gene-MG_RS02060	gene-Y923_RS03170, gene-Y923_RS03185
N0.HOG0000466	OG0000465	-			gene-MG_RS02595	gene-Y923_RS00125, gene-Y923_RS04000
N0.HOG0000467	OG0000466	-			gene-MG_RS02610	gene-Y923_RS00175, gene-Y923_RS04050
N0.HOG0000468	OG0000467	-				gene-Y923_RS03770, gene-Y923_RS00880, gene-Y923_RS00885
N0.HOG0000469	OG0000468	-				gene-Y923_RS00920, gene-Y923_RS01180, gene-Y923_RS03075
N0.HOG0000470	OG0000469	-	gene-NPA10_RS00015	gene-JVT77_RS01540		
N0.HOG0000471	OG0000470	-	gene-NPA10_RS00040	gene-JVT77_RS00570		
N0.HOG0000472	OG0000471	-	gene-NPA10_RS00110, gene-NPA10_RS00105			
N0.HOG0000473	OG0000472	-	gene-NPA10_RS00315	gene-JVT77_RS00285		
N0.HOG0000474	OG0000473	-	gene-NPA10_RS00420, gene-NPA10_RS00425			
N0.HOG0000475	OG0000474	-	gene-NPA10_RS01675, gene-NPA10_RS00495			
N0.HOG0000476	OG0000475	-	gene-NPA10_RS00795	gene-JVT77_RS00460		
N0.HOG0000477	OG0000476	-	gene-NPA10_RS00815, gene-NPA10_RS02835			
N0.HOG0000478	OG0000477	-	gene-NPA10_RS02830, gene-NPA10_RS00820			
N0.HOG0000479	OG0000478	-	gene-NPA10_RS00860			gene-Y923_RS02520
N0.HOG0000480	OG0000479	-	gene-NPA10_RS01150	gene-JVT77_RS03540		
N0.HOG0000481	OG0000480	-	gene-NPA10_RS01250	gene-JVT77_RS03900		
N0.HOG0000482	OG0000481	-	gene-NPA10_RS01475	gene-JVT77_RS00895		
N0.HOG0000483	OG0000482	-	gene-NPA10_RS01640	gene-JVT77_RS03180		
N0.HOG0000484	OG0000483	-	gene-NPA10_RS01720	gene-JVT77_RS00250		
N0.HOG0000485	OG0000484	-	gene-NPA10_RS01875	gene-JVT77_RS03560		
N0.HOG0000486	OG0000485	-	gene-NPA10_RS01895	gene-JVT77_RS03570		
N0.HOG0000487	OG0000486	-	gene-NPA10_RS01900	gene-JVT77_RS03565		
N0.HOG0000488	OG0000487	-	gene-NPA10_RS01915			gene-Y923_RS02335
N0.HOG0000489	OG0000488	-	gene-NPA10_RS01935, gene-NPA10_RS01930			
N0.HOG0000490	OG0000489	-	gene-NPA10_RS02005, gene-NPA10_RS02010			
N0.HOG0000491	OG0000490	-	gene-NPA10_RS03760, gene-NPA10_RS02015			
N0.HOG0000492	OG0000491	-	gene-NPA10_RS02035	gene-JVT77_RS01240		
N0.HOG0000493	OG0000492	-	gene-NPA10_RS02040	gene-JVT77_RS01235		
N0.HOG0000494	OG0000493	-	gene-NPA10_RS02045	gene-JVT77_RS01230		
N0.HOG0000495	OG0000494	-	gene-NPA10_RS02080, gene-NPA10_RS04145			
N0.HOG0000496	OG0000495	-	gene-NPA10_RS02145	gene-JVT77_RS01790		
N0.HOG0000497	OG0000496	-	gene-NPA10_RS02280, gene-NPA10_RS02750			
N0.HOG0000498	OG0000497	-	gene-NPA10_RS02435	gene-JVT77_RS01910		
N0.HOG0000499	OG0000498	-	gene-NPA10_RS02545	gene-JVT77_RS03265		
N0.HOG0000500	OG0000499	-	gene-NPA10_RS02595	gene-JVT77_RS01505		
N0.HOG0000501	OG0000500	-	gene-NPA10_RS02600	gene-JVT77_RS02800		
N0.HOG0000502	OG0000501	-	gene-NPA10_RS02640	gene-JVT77_RS01340		
N0.HOG0000503	OG0000502	-	gene-NPA10_RS02645	gene-JVT77_RS02080		
N0.HOG0000504	OG0000503	-	gene-NPA10_RS02740	gene-JVT77_RS02100		
N0.HOG0000505	OG0000504	-	gene-NPA10_RS02780, gene-NPA10_RS04030			
N0.HOG0000506	OG0000505	-	gene-NPA10_RS02790, gene-NPA10_RS02805			
N0.HOG0000507	OG0000506	-	gene-NPA10_RS02870			gene-Y923_RS03215
N0.HOG0000508	OG0000507	-	gene-NPA10_RS02875			gene-Y923_RS03230
N0.HOG0000509	OG0000508	-	gene-NPA10_RS02880			gene-Y923_RS03200
N0.HOG0000510	OG0000509	-	gene-NPA10_RS02885			gene-Y923_RS03210
N0.HOG0000511	OG0000510	-	gene-NPA10_RS02890			gene-Y923_RS03220
N0.HOG0000512	OG0000511	-	gene-NPA10_RS02895			gene-Y923_RS04785
N0.HOG0000513	OG0000512	-	gene-NPA10_RS02900			gene-Y923_RS03205
N0.HOG0000514	OG0000513	-	gene-NPA10_RS02940	gene-JVT77_RS03475		
N0.HOG0000515	OG0000514	-	gene-NPA10_RS02945	gene-JVT77_RS03470		
N0.HOG0000516	OG0000515	-	gene-NPA10_RS02955	gene-JVT77_RS03455		
N0.HOG0000517	OG0000516	-	gene-NPA10_RS03045	gene-JVT77_RS01775		
N0.HOG0000518	OG0000517	-	gene-NPA10_RS03320	gene-JVT77_RS02890		
N0.HOG0000519	OG0000518	-	gene-NPA10_RS03435, gene-NPA10_RS03440			
N0.HOG0000520	OG0000519	-	gene-NPA10_RS03750, gene-NPA10_RS03580			
N0.HOG0000521	OG0000520	-	gene-NPA10_RS03585, gene-NPA10_RS04005			
N0.HOG0000522	OG0000521	-	gene-NPA10_RS03615, gene-NPA10_RS03600			
N0.HOG0000523	OG0000522	-	gene-NPA10_RS03620, gene-NPA10_RS03605			
N0.HOG0000524	OG0000523	-	gene-NPA10_RS03625, gene-NPA10_RS03610			
N0.HOG0000525	OG0000524	-	gene-NPA10_RS03705	gene-JVT77_RS00380		
N0.HOG0000526	OG0000525	-	gene-NPA10_RS03710	gene-JVT77_RS00375		
N0.HOG0000527	OG0000526	-	gene-NPA10_RS03725	gene-JVT77_RS00360		
N0.HOG0000528	OG0000527	-	gene-NPA10_RS03745	gene-JVT77_RS03935		
N0.HOG0000529	OG0000528	-	gene-NPA10_RS04160	gene-JVT77_RS04380		
N0.HOG0000530	OG0000529	-	gene-NPA10_RS04165	gene-JVT77_RS02130		
N0.HOG0000531	OG0000530	-	gene-NPA10_RS04195			gene-Y923_RS04625
N0.HOG0000532	OG0000531	-		gene-JVT77_RS00490, gene-JVT77_RS00495		
N0.HOG0000533	OG0000532	-		gene-JVT77_RS00820		gene-Y923_RS02815
N0.HOG0000534	OG0000533	-		gene-JVT77_RS01350, gene-JVT77_RS01365		
N0.HOG0000535	OG0000534	-		gene-JVT77_RS01640		gene-Y923_RS04615
N0.HOG0000536	OG0000535	-		gene-JVT77_RS02000		gene-Y923_RS02300
N0.HOG0000537	OG0000536	-		gene-JVT77_RS02365, gene-JVT77_RS02360		
N0.HOG0000538	OG0000537	-		gene-JVT77_RS02400		gene-Y923_RS03605
N0.HOG0000539	OG0000538	-		gene-JVT77_RS03010, gene-JVT77_RS02985		
N0.HOG0000540	OG0000539	-		gene-JVT77_RS03625, gene-JVT77_RS03630		
N0.HOG0000541	OG0000540	-		gene-JVT77_RS04390, gene-JVT77_RS04395		
N0.HOG0000542	OG0000541	-			gene-MG_RS00050	gene-Y923_RS00465
N0.HOG0000543	OG0000542	-			gene-MG_RS00055	gene-Y923_RS00470
N0.HOG0000544	OG0000543	-			gene-MG_RS00060	gene-Y923_RS00475
N0.HOG0000545	OG0000544	-			gene-MG_RS00100	gene-Y923_RS00515
N0.HOG0000546	OG0000545	-			gene-MG_RS00125	gene-Y923_RS00545
N0.HOG0000547	OG0000546	-			gene-MG_RS00240	gene-Y923_RS00735
N0.HOG0000548	OG0000547	-			gene-MG_RS00285	gene-Y923_RS00785
N0.HOG0000549	OG0000548	-			gene-MG_RS00310	gene-Y923_RS00810
N0.HOG0000550	OG0000549	-			gene-MG_RS00370	gene-Y923_RS00905
N0.HOG0000551	OG0000550	-			gene-MG_RS00420	gene-Y923_RS01610
N0.HOG0000552	OG0000551	-			gene-MG_RS00430	gene-Y923_RS01620
N0.HOG0000553	OG0000552	-			gene-MG_RS00525	gene-Y923_RS01715
N0.HOG0000554	OG0000553	-			gene-MG_RS00630	gene-Y923_RS01820
N0.HOG0000555	OG0000554	-			gene-MG_RS00635	gene-Y923_RS01825
N0.HOG0000556	OG0000555	-			gene-MG_RS00640	gene-Y923_RS01830
N0.HOG0000557	OG0000556	-			gene-MG_RS00645	gene-Y923_RS01835
N0.HOG0000558	OG0000557	-			gene-MG_RS00670	gene-Y923_RS01860
N0.HOG0000559	OG0000558	-			gene-MG_RS00710	gene-Y923_RS01900
N0.HOG0000560	OG0000559	-			gene-MG_RS00715	gene-Y923_RS01920
N0.HOG0000561	OG0000560	-			gene-MG_RS00725	gene-Y923_RS01930
N0.HOG0000562	OG0000561	-			gene-MG_RS00745	gene-Y923_RS01950
N0.HOG0000563	OG0000562	-			gene-MG_RS00830	gene-Y923_RS01330
N0.HOG0000564	OG0000563	-			gene-MG_RS00840	gene-Y923_RS01340
N0.HOG0000565	OG0000564	-			gene-MG_RS00850	gene-Y923_RS01350
N0.HOG0000566	OG0000565	-			gene-MG_RS00855	gene-Y923_RS01355
N0.HOG0000567	OG0000566	-			gene-MG_RS01025	gene-Y923_RS01530
N0.HOG0000568	OG0000567	-			gene-MG_RS02880	gene-Y923_RS04400
N0.HOG0000569	OG0000568	-			gene-MG_RS01140	gene-Y923_RS01110
N0.HOG0000570	OG0000569	-			gene-MG_RS01275	gene-Y923_RS02165
N0.HOG0000571	OG0000570	-			gene-MG_RS01285	gene-Y923_RS02175
N0.HOG0000572	OG0000571	-			gene-MG_RS01295	gene-Y923_RS02185
N0.HOG0000573	OG0000572	-			gene-MG_RS01410	gene-Y923_RS02310
N0.HOG0000574	OG0000573	-			gene-MG_RS01485	gene-Y923_RS02425
N0.HOG0000575	OG0000574	-			gene-MG_RS01500	gene-Y923_RS02440
N0.HOG0000576	OG0000575	-			gene-MG_RS01545	gene-Y923_RS02555
N0.HOG0000577	OG0000576	-			gene-MG_RS01585	gene-Y923_RS02595
N0.HOG0000578	OG0000577	-			gene-MG_RS01595	gene-Y923_RS02605
N0.HOG0000579	OG0000578	-			gene-MG_RS01600	gene-Y923_RS02610
N0.HOG0000580	OG0000579	-			gene-MG_RS01650	gene-Y923_RS02660
N0.HOG0000581	OG0000580	-			gene-MG_RS01655	gene-Y923_RS02665
N0.HOG0000582	OG0000581	-			gene-MG_RS02945	gene-Y923_RS04450
N0.HOG0000583	OG0000582	-			gene-MG_RS01705	gene-Y923_RS02715
N0.HOG0000584	OG0000583	-			gene-MG_RS01815	gene-Y923_RS02850
N0.HOG0000585	OG0000584	-			gene-MG_RS01820	gene-Y923_RS02855
N0.HOG0000586	OG0000585	-			gene-MG_RS01825	gene-Y923_RS02860
N0.HOG0000587	OG0000586	-			gene-MG_RS01875	gene-Y923_RS02940
N0.HOG0000588	OG0000587	-			gene-MG_RS01890	gene-Y923_RS02955
N0.HOG0000589	OG0000588	-			gene-MG_RS01895	gene-Y923_RS02960
N0.HOG0000590	OG0000589	-			gene-MG_RS01900	gene-Y923_RS02965
N0.HOG0000591	OG0000590	-			gene-MG_RS01905	gene-Y923_RS02970
N0.HOG0000592	OG0000591	-			gene-MG_RS01975	gene-Y923_RS03085
N0.HOG0000593	OG0000592	-			gene-MG_RS02000	gene-Y923_RS03110
N0.HOG0000594	OG0000593	-			gene-MG_RS02015	gene-Y923_RS03125
N0.HOG0000595	OG0000594	-			gene-MG_RS02100	gene-Y923_RS03365
N0.HOG0000596	OG0000595	-			gene-MG_RS02105	gene-Y923_RS03370
N0.HOG0000597	OG0000596	-			gene-MG_RS02140	gene-Y923_RS03410
N0.HOG0000598	OG0000597	-			gene-MG_RS02145	gene-Y923_RS03415
N0.HOG0000599	OG0000598	-			gene-MG_RS02175	gene-Y923_RS03445
N0.HOG0000600	OG0000599	-			gene-MG_RS02195	gene-Y923_RS03465
N0.HOG0000601	OG0000600	-			gene-MG_RS02200	gene-Y923_RS03470
N0.HOG0000602	OG0000601	-			gene-MG_RS02320	gene-Y923_RS03595
N0.HOG0000603	OG0000602	-			gene-MG_RS02335	gene-Y923_RS03615
N0.HOG0000604	OG0000603	-			gene-MG_RS02350	gene-Y923_RS03635
N0.HOG0000605	OG0000604	-			gene-MG_RS02370	gene-Y923_RS03655
N0.HOG0000606	OG0000605	-			gene-MG_RS02875	gene-Y923_RS03830
N0.HOG0000607	OG0000606	-			gene-MG_RS02670	gene-Y923_RS00285
N0.HOG0000608	OG0000607	-			gene-MG_RS02685	gene-Y923_RS00300
N0.HOG0000609	OG0000608	-			gene-MG_RS02705	gene-Y923_RS00320
N0.HOG0000610	OG0000609	-			gene-MG_RS02745	gene-Y923_RS00365
N0.HOG0000611	OG0000610	-			gene-MG_RS02750	gene-Y923_RS00370
N0.HOG0000612	OG0000611	-				gene-Y923_RS00130, gene-Y923_RS04005
N0.HOG0000613	OG0000612	-				gene-Y923_RS00190, gene-Y923_RS04065
N0.HOG0000614	OG0000613	-				gene-Y923_RS04565, gene-Y923_RS04685
N0.HOG0000615	OG0000614	-				gene-Y923_RS04580, gene-Y923_RS00875
N0.HOG0000616	OG0000615	-				gene-Y923_RS01030, gene-Y923_RS01055
N0.HOG0000617	OG0000616	-				gene-Y923_RS01060, gene-Y923_RS01035
N0.HOG0000618	OG0000617	-				gene-Y923_RS04520, gene-Y923_RS04530
